asesoria_id,mes,clientes_activos,clientes_nuevos,clientes_baja,declaraciones_renta,declaraciones_iva,declaraciones_sociedades,declaraciones_otros,facturacion_asesoria_eur,facturacion_gestion_eur,facturacion_consultoria_eur,horas_trabajadas,consultas_recibidas,consultas_resueltas,incidencias_aeat,documentos_procesados,satisfaccion_cliente
1,2025-04,221,8,3,31,115,10,17,18209.84,6561.88,7556.03,1784,122,104,1,727,4.5
1,2025-05,231,13,3,43,88,0,5,21542.16,8426.59,9125.06,2139,108,93,0,553,3.8
1,2025-06,225,1,7,56,160,6,2,28148.82,11804.45,5127.35,2518,159,149,0,853,4.6
1,2025-07,231,7,1,6,79,23,11,16474.68,7950.66,5350.47,1810,133,114,5,399,4.5
1,2025-08,239,12,4,10,93,3,21,16656.67,5566.07,4850.4,1606,130,117,1,375,4.9
1,2025-09,246,10,3,10,110,10,14,17163.53,9043.9,6739.51,1938,165,149,6,591,5.0
1,2025-10,242,4,8,7,79,0,3,17321.94,8860.95,6874.42,1966,119,110,7,683,4.9
1,2025-11,241,0,1,10,136,12,8,21971.52,9145.06,8757.23,1755,72,67,4,947,4.6
1,2025-12,256,16,1,10,99,10,16,19926.98,10527.02,7652.7,1938,176,161,0,767,4.1
1,2026-01,263,11,4,3,97,9,2,21703.41,7838.91,8341.2,2397,210,182,7,1192,3.5
1,2026-02,273,13,3,8,180,11,6,27594.66,13168.61,8526.22,2334,257,233,3,706,3.8
1,2026-03,271,7,9,3,103,11,20,20703.74,8244.86,11638.21,2330,191,169,7,699,3.4
2,2025-04,241,7,6,43,79,10,13,16023.17,8169.94,4334.85,1137,151,141,0,604,3.8
2,2025-05,241,1,1,33,111,2,13,15373.24,7760.91,3865.14,1144,169,162,1,391,5.0
2,2025-06,236,1,6,83,108,7,15,20120.98,7394.68,8404.65,1635,246,217,7,687,4.5
2,2025-07,244,12,4,10,108,13,9,11941.46,6421.08,5108.58,979,95,81,7,578,4.7
2,2025-08,252,8,0,2,62,1,21,14341.25,7525.63,3716.62,1007,114,97,1,496,4.3
2,2025-09,258,8,2,4,93,11,10,15378.86,7345.35,4769.07,1215,118,111,1,393,4.3
2,2025-10,267,9,0,1,123,8,8,14660.83,5491.1,6390.64,1198,118,107,8,870,4.3
2,2025-11,274,12,5,8,82,13,17,16808.09,8239.72,2988.65,1162,98,84,8,517,3.7
2,2025-12,272,3,5,5,98,10,27,15891.14,8053.5,3775.05,1390,94,85,4,437,3.8
2,2026-01,275,4,1,11,139,11,13,18463.74,10522.18,6742.44,1577,121,103,5,956,3.5
2,2026-02,277,4,2,12,192,0,11,17206.92,6732.53,8077.63,1609,241,217,2,1242,3.6
2,2026-03,283,12,6,2,188,0,5,20772.39,11072.57,5934.85,1627,244,233,4,635,4.5
3,2025-04,168,7,1,23,96,5,9,23297.7,8211.37,5430.45,998,83,73,0,658,3.7
3,2025-05,173,8,3,40,95,5,0,19244.29,6494.36,4071.57,1071,74,63,3,409,4.6
3,2025-06,181,8,0,39,105,4,1,22164.57,12962.24,9179.84,1199,147,139,5,446,4.0
3,2025-07,182,5,4,5,81,10,9,18081.98,7009.93,5043.01,898,93,81,5,625,4.4
3,2025-08,187,9,4,4,69,0,9,15766.24,7206.0,4958.16,882,88,79,1,459,4.6
3,2025-09,189,2,0,4,85,9,10,19019.34,6612.59,3956.34,914,132,114,0,399,4.1
3,2025-10,187,1,3,6,105,9,6,20021.3,8616.29,7268.82,875,120,115,0,644,3.6
3,2025-11,192,8,3,0,89,1,14,17086.43,7591.41,5314.32,974,88,83,3,582,4.5
3,2025-12,197,8,3,8,85,2,15,20340.31,9426.7,3427.21,906,135,123,1,430,3.3
3,2026-01,199,4,2,5,136,1,4,20301.62,7840.17,8276.59,1075,121,108,3,610,3.6
3,2026-02,208,9,0,9,106,0,11,21822.25,11298.54,5952.31,1284,146,186,6,772,3.6
3,2026-03,211,6,3,0,104,10,21,26676.88,12450.29,4704.07,1266,199,182,3,750,4.4
4,2025-04,252,4,7,34,95,5,6,40151.08,20998.07,11769.94,2266,195,176,1,674,4.5
4,2025-05,248,1,5,35,79,10,1,51113.88,17498.53,10949.48,2112,93,80,1,721,3.6
4,2025-06,257,11,2,73,195,11,3,54187.68,23873.09,25239.48,3156,253,233,6,825,4.5
4,2025-07,269,22,10,3,67,26,21,30043.34,17300.63,10637.04,1956,97,87,5,342,4.4
4,2025-08,275,13,7,1,88,5,20,35339.63,13372.78,13400.17,1658,115,107,8,710,4.0
4,2025-09,289,18,4,5,160,13,2,39177.72,18984.06,10859.22,2441,183,163,7,1048,3.5
4,2025-10,290,6,5,12,109,4,28,48068.73,19438.37,8549.08,2409,114,100,6,789,4.6
4,2025-11,305,22,7,15,132,0,2,38887.65,15559.67,14913.15,2498,147,135,5,781,4.5
4,2025-12,310,10,5,14,118,8,14,34647.94,13885.41,16977.62,2421,211,184,3,1037,3.7
4,2026-01,317,16,9,9,238,6,18,45349.76,17335.04,23381.55,3068,175,170,8,896,4.9
4,2026-02,331,15,1,0,199,15,30,48943.31,19027.82,24785.22,3404,227,217,6,1154,4.2
4,2026-03,333,4,2,9,139,7,7,54453.64,25135.49,17230.06,3180,294,264,7,961,4.3
5,2025-04,136,0,4,39,44,6,3,10965.56,4228.56,5123.88,747,78,67,3,357,4.3
5,2025-05,140,4,0,20,71,7,1,13206.89,5765.63,1708.92,825,88,85,3,250,3.6
5,2025-06,143,4,1,19,59,4,9,14533.05,5681.85,4611.74,855,108,101,2,464,4.1
5,2025-07,140,0,3,5,51,5,3,10625.16,4375.15,1989.24,678,85,79,2,313,4.6
5,2025-08,145,7,2,2,67,6,10,10734.27,4108.38,1790.39,606,51,44,1,261,4.4
5,2025-09,146,4,3,0,63,5,4,11969.75,4457.96,2114.87,802,115,107,4,387,3.3
5,2025-10,147,5,4,7,71,0,3,9464.08,4167.04,4581.23,876,79,67,4,514,4.5
5,2025-11,147,4,4,0,68,1,3,14313.51,5531.45,2627.37,723,105,96,2,407,3.7
5,2025-12,151,7,3,3,65,2,12,10478.68,4878.32,2406.29,727,50,47,3,354,4.6
5,2026-01,149,0,2,4,98,7,13,12242.95,4943.51,3893.48,975,102,92,2,658,5.0
5,2026-02,154,6,1,6,57,7,12,13580.76,6389.41,2681.3,1073,101,86,4,721,3.8
5,2026-03,161,7,0,8,107,0,4,13335.52,4802.53,4154.06,928,147,131,3,588,4.7
6,2025-04,194,10,5,53,86,8,1,22737.55,11404.13,8341.3,1060,80,68,0,659,4.5
6,2025-05,192,1,3,25,74,0,1,19764.64,9168.48,9941.68,1100,81,73,5,668,3.5
6,2025-06,194,6,4,53,101,9,4,26208.33,10821.35,6967.23,1360,169,153,2,722,3.5
6,2025-07,195,5,4,4,78,14,8,18029.87,9916.84,5116.32,994,56,50,2,467,5.0
6,2025-08,202,10,3,4,48,10,1,22397.25,10371.09,3841.89,979,110,96,6,381,4.3
6,2025-09,209,9,2,10,110,10,4,27082.79,11277.59,4255.42,1066,108,99,5,382,4.8
6,2025-10,209,5,5,6,73,2,17,25342.18,11426.09,8903.3,1056,79,76,3,818,3.7
6,2025-11,214,5,0,7,126,2,7,27674.92,13549.99,4245.74,1250,150,134,6,532,3.7
6,2025-12,212,1,3,5,106,10,8,26229.82,12372.15,3475.98,1010,88,75,4,491,4.3
6,2026-01,219,10,3,4,138,1,4,22926.18,13585.37,8834.58,1295,116,106,3,738,4.4
6,2026-02,224,8,3,9,152,2,13,34858.34,14587.11,6323.08,1614,127,119,1,758,4.9
6,2026-03,220,1,5,5,134,10,11,25480.83,13970.24,7615.18,1645,206,177,1,902,4.3
7,2025-04,157,10,3,46,84,3,2,20197.24,8958.16,5480.45,1725,65,61,4,236,4.7
7,2025-05,159,4,2,33,85,1,0,15524.54,7817.64,4693.8,1635,48,42,1,533,4.1
7,2025-06,167,15,7,55,98,1,14,26309.42,8376.24,6306.73,2225,159,145,3,674,3.3
7,2025-07,173,12,6,1,69,21,2,17412.22,6822.2,7521.35,1305,95,87,5,360,5.0
7,2025-08,179,14,8,6,-15,1,17,14838.44,6834.57,6205.51,1237,69,62,3,493,3.8
7,2025-09,185,10,4,5,108,7,2,14180.23,6724.7,6747.37,1697,89,77,0,548,4.2
7,2025-10,194,10,1,6,78,6,1,21210.45,8453.27,6282.45,1631,78,72,1,701,3.8
7,2025-11,204,11,1,4,96,6,17,22422.18,9409.99,4172.13,1657,63,61,6,659,3.3
7,2025-12,208,8,4,5,84,2,4,18004.67,6884.94,7254.83,1653,65,61,1,507,4.0
7,2026-01,212,9,5,9,119,0,4,19801.33,8933.74,4674.98,1782,158,144,3,635,3.6
7,2026-02,217,11,6,1,104,10,18,23592.48,8041.81,7681.93,1951,162,137,2,1049,4.6
7,2026-03,221,9,5,1,87,11,13,20647.39,10021.66,6397.8,2084,206,196,0,717,4.5
8,2025-04,110,0,2,23,51,5,10,6167.5,2409.48,3346.06,611,77,71,2,189,4.7
8,2025-05,108,1,3,23,49,3,4,6999.46,3647.98,2478.95,572,66,60,1,406,3.8
8,2025-06,113,6,1,21,50,1,2,10023.2,4334.74,1965.63,762,100,91,3,468,4.8
8,2025-07,115,4,2,5,38,9,7,5546.05,2312.97,2309.33,481,53,47,3,155,3.9
8,2025-08,120,5,0,4,45,3,7,6385.52,2719.4,823.82,449,71,65,1,219,4.1
8,2025-09,121,1,0,3,40,6,5,7174.03,3703.0,3117.0,566,79,77,1,291,4.9
8,2025-10,121,3,3,6,48,4,0,7932.79,2744.69,2608.14,575,77,68,1,282,4.2
8,2025-11,120,1,2,2,70,5,10,6970.11,3475.26,1383.29,609,58,55,1,381,4.7
8,2025-12,125,5,0,5,62,4,5,5713.53,3086.34,1658.15,614,85,74,1,235,3.7
8,2026-01,129,4,0,5,67,6,9,7911.43,3073.89,3230.88,906,115,109,1,557,3.3
8,2026-02,133,5,1,3,78,6,11,8680.47,3632.41,3909.25,873,112,108,1,393,4.9
8,2026-03,134,3,2,6,74,4,6,11684.2,5257.62,1826.96,784,76,70,2,520,3.4
9,2025-04,108,2,2,20,49,3,1,13988.05,6429.05,5811.85,923,33,28,2,225,5.0
9,2025-05,112,5,1,11,64,5,10,11475.78,4481.85,6030.52,1060,60,57,3,293,3.2
9,2025-06,115,4,1,35,62,5,9,14049.51,6221.81,6920.68,1063,43,38,3,222,4.7
9,2025-07,123,8,0,5,46,7,2,8948.03,4208.64,4731.0,805,39,36,2,169,4.1
9,2025-08,127,8,4,0,43,3,0,12869.57,4481.69,2535.09,697,72,64,0,359,4.5
9,2025-09,131,5,1,0,53,2,13,15065.6,6476.0,2580.44,1075,70,61,1,217,4.6
9,2025-10,138,7,0,2,49,6,3,14125.88,5961.91,5720.48,935,97,88,0,466,3.5
9,2025-11,143,5,0,5,54,5,6,15797.34,7477.98,2558.59,932,112,102,3,345,4.6
9,2025-12,147,4,0,6,47,2,8,11183.96,5051.59,5464.46,910,76,71,1,473,3.8
9,2026-01,148,5,4,6,65,0,1,15803.07,7080.09,5289.74,1181,65,55,4,547,4.0
9,2026-02,149,3,2,5,72,0,9,13823.12,5775.29,4760.0,1112,59,51,2,436,4.4
9,2026-03,150,1,0,2,80,6,3,13892.21,6304.52,5575.23,1294,79,76,3,360,3.4
10,2025-04,157,11,7,47,85,5,11,24272.57,9543.86,7853.24,1367,59,55,1,547,4.1
10,2025-05,155,1,3,40,57,7,0,22009.53,9269.82,6289.73,1613,56,54,0,352,5.0
10,2025-06,157,8,6,51,111,1,4,34535.09,14187.97,9187.64,1946,95,91,4,629,3.5
10,2025-07,163,6,0,1,66,11,5,20144.36,7793.39,5281.85,1430,109,104,2,290,4.9
10,2025-08,169,10,4,8,43,2,4,16598.03,8113.49,3246.74,1093,101,86,0,227,4.9
10,2025-09,177,12,4,3,93,6,0,23277.08,8971.41,6933.59,1604,95,90,5,445,4.0
10,2025-10,188,11,0,2,81,7,14,21112.85,8261.47,6349.68,1518,125,120,3,343,3.9
10,2025-11,195,8,1,5,72,1,8,20122.1,7917.86,10572.36,1600,142,128,1,689,4.9
10,2025-12,201,11,5,3,106,7,16,24525.6,9693.5,4595.74,1292,99,90,1,409,3.8
10,2026-01,201,7,7,4,107,1,13,21849.86,9578.41,9059.1,1630,75,64,4,463,4.2
10,2026-02,202,8,7,8,90,9,19,26135.29,9681.11,4624.28,1800,110,106,6,437,4.3
10,2026-03,202,0,0,0,84,5,15,25340.31,14035.44,9137.21,1612,190,169,3,988,4.5
11,2025-04,123,7,4,19,67,2,5,16273.2,6498.62,2380.55,859,81,76,0,368,3.7
11,2025-05,126,3,0,27,44,5,11,15506.97,5318.88,3938.74,836,39,37,0,249,4.0
11,2025-06,131,6,1,29,86,3,13,19842.7,8814.47,3919.35,991,93,91,3,454,3.8
11,2025-07,132,5,4,2,51,14,10,11686.1,5049.96,2611.88,573,43,39,1,394,5.0
11,2025-08,132,3,3,2,50,4,12,11988.23,5679.9,4402.79,700,85,76,2,444,4.6
11,2025-09,136,4,0,2,79,0,5,16124.83,7403.19,3418.75,742,97,85,4,440,3.4
11,2025-10,138,3,1,0,69,4,3,12643.6,6007.96,6243.62,843,48,45,0,539,5.0
11,2025-11,137,2,3,5,79,3,7,15325.77,5714.8,3944.93,757,45,42,4,285,4.5
11,2025-12,136,0,1,3,76,1,0,15371.64,6855.19,5244.64,887,106,102,0,207,4.2
11,2026-01,139,5,2,3,97,4,8,17912.24,7969.75,2071.64,929,64,55,1,541,4.4
11,2026-02,137,0,2,6,68,5,12,16613.68,7409.69,4057.2,1010,91,81,3,562,3.5
11,2026-03,141,5,1,0,62,3,7,19491.29,6976.76,3840.04,995,50,46,1,274,3.4
12,2025-04,198,10,4,56,112,4,3,18586.28,6863.85,3541.31,1190,154,140,3,667,4.3
12,2025-05,199,6,5,41,87,8,6,18073.41,7792.56,4153.75,1371,111,101,2,337,4.2
12,2025-06,203,8,4,33,108,2,10,20268.42,9593.44,5930.61,1568,128,123,3,830,4.0
12,2025-07,206,7,4,0,79,19,9,13738.41,6917.07,3904.04,1123,100,85,2,553,4.2
12,2025-07,206,7,4,0,79,19,9,14013.18,6917.07,3904.04,1123,103,85,2,553,4.2
12,2025-08,204,1,3,0,59,2,4,14753.19,6035.59,2022.49,952,123,110,6,587,3.9
12,2025-09,200,1,5,10,112,2,20,15969.62,9230.41,5641.55,1245,72,70,6,301,3.2
12,2025-10,201,4,3,10,103,6,17,14336.7,6600.67,5887.8,1169,79,76,6,358,4.7
12,2025-11,203,6,4,0,75,1,3,16225.23,7646.7,4745.7,1399,85,72,3,423,3.6
12,2025-12,215,12,0,2,97,4,7,18578.4,7065.7,4825.9,1311,136,121,2,793,5.0
12,2026-01,219,6,2,4,87,9,5,20436.24,9041.46,6751.62,1794,211,197,6,772,4.5
12,2026-02,220,4,3,2,142,7,7,20645.25,10254.55,6973.72,1697,205,189,3,783,3.4
12,2026-03,221,3,2,10,85,7,11,17823.26,6414.05,5044.15,1445,168,155,6,445,4.6
13,2025-04,150,5,2,43,45,3,3,20459.72,9724.98,3183.54,1174,97,87,1,432,4.6
13,2025-05,153,6,3,31,62,4,11,17919.63,6544.87,6722.22,1254,81,77,1,371,3.9
13,2025-06,151,3,5,24,72,6,9,19304.65,8360.99,7466.95,1531,104,97,2,408,4.7
13,2025-07,156,10,5,7,61,17,11,15228.97,6232.16,3584.58,1106,79,73,0,392,4.7
13,2025-08,166,10,0,0,53,3,2,12592.7,6293.53,6230.29,825,76,71,4,477,4.4
13,2025-09,166,0,0,8,77,0,0,16962.34,9331.85,5047.26,984,117,109,1,293,3.4
13,2025-10,167,2,1,3,81,4,11,16169.82,6857.81,5871.07,1093,97,94,1,375,4.7
13,2025-11,163,1,5,0,53,6,12,16044.87,6341.52,9172.08,1027,89,80,2,475,4.7
13,2025-12,160,1,4,0,59,7,8,13719.91,7852.61,5268.63,1231,93,79,2,246,3.6
13,2026-01,166,6,0,4,68,3,12,22411.48,9194.11,6962.79,1399,136,127,0,538,5.0
13,2026-02,171,6,1,1,79,6,10,16756.02,9268.74,4947.6,1296,94,91,3,389,4.3
13,2026-03,178,9,2,3,112,1,8,20713.18,8991.57,4433.08,1455,100,86,0,841,4.0
14,2025-04,253,2,2,47,118,8,13,16453.14,8184.93,7406.67,1802,175,168,0,564,3.9
14,2025-05,247,2,8,69,146,9,16,18255.43,7008.57,7504.1,1672,135,115,6,540,3.7
14,2025-06,254,11,4,95,171,7,19,27971.46,10503.77,10711.48,2015,165,158,6,1164,3.8
14,2025-07,254,4,4,5,97,24,15,17718.57,8159.25,1606.2,1334,131,119,3,470,3.7
14,2025-08,264,11,1,9,82,8,5,19391.24,9830.21,4067.39,1512,149,135,4,819,3.3
14,2025-09,270,13,7,2,132,3,8,23140.6,10627.77,4336.61,1572,214,195,6,765,4.9
14,2025-10,275,13,8,0,147,5,22,23621.65,10734.59,6333.14,1577,188,175,5,526,4.3
14,2025-11,282,12,5,12,121,0,3,19455.09,8498.67,5787.21,1795,165,149,6,749,4.4
14,2025-12,296,16,2,5,177,7,3,21785.0,7121.39,5234.98,1905,196,175,5,780,3.6
14,2026-01,310,15,1,14,199,14,20,19992.03,10695.43,8767.71,1932,182,157,2,1478,4.5
14,2026-02,310,5,5,13,228,7,25,25002.97,12584.44,9770.46,2148,259,249,7,1157,3.9
14,2026-03,312,6,4,2,190,5,23,25307.05,10068.63,9129.43,2478,227,211,9,995,3.9
15,2025-04,75,6,3,16,40,2,1,9304.24,3807.87,3898.16,578,36,31,1,190,3.4
15,2025-05,75,3,3,10,36,1,2,8401.76,3732.22,3990.86,632,24,21,0,203,3.6
15,2025-06,76,4,3,16,41,3,7,10446.21,4994.16,2422.21,730,29,25,1,179,4.0
15,2025-07,79,6,3,0,32,5,5,8655.88,3893.98,1558.74,543,27,24,2,243,4.6
15,2025-08,76,0,3,2,24,0,7,7382.25,4010.38,2869.61,471,40,37,2,182,4.0
15,2025-09,79,4,1,1,42,0,5,9628.03,3541.34,3162.37,716,35,32,2,313,4.4
15,2025-10,78,0,1,3,44,2,2,8917.66,3681.35,4553.52,611,33,31,1,212,4.2
15,2025-11,77,2,3,3,33,0,6,8803.64,4771.8,2675.42,619,59,52,0,282,4.7
15,2025-12,74,0,3,2,41,3,3,11505.71,4601.93,2339.07,611,32,29,0,215,4.1
15,2026-01,79,5,0,0,31,3,0,10995.74,4270.08,2225.28,682,75,65,2,363,4.8
15,2026-02,83,6,2,0,49,2,1,11964.73,4076.64,2783.82,754,45,42,0,258,3.4
15,2026-03,81,1,3,0,32,1,8,9992.91,5372.4,4564.98,807,75,67,0,255,3.6
16,2025-04,103,1,0,16,58,1,6,20663.06,7190.74,5855.74,1078,38,34,0,311,3.5
16,2025-05,107,5,1,24,36,3,9,20692.29,6864.66,5340.46,864,72,66,3,254,4.0
16,2025-06,108,3,2,32,52,4,9,23587.46,12782.83,7089.82,1107,102,98,1,394,4.1
16,2025-07,112,4,0,1,43,5,7,14284.31,8080.54,5607.85,726,46,40,3,352,4.2
16,2025-08,111,2,3,0,27,0,0,11781.14,4797.61,6705.33,828,49,45,3,228,3.9
16,2025-09,115,8,4,4,39,0,4,17369.64,8095.85,1753.73,877,53,49,0,261,4.0
16,2025-10,118,3,0,1,38,3,1,18164.29,7093.67,5460.0,1018,79,68,1,383,3.5
16,2025-11,119,5,4,4,63,5,4,14554.46,7798.59,5688.09,904,88,83,0,278,4.0
16,2025-12,127,8,0,2,65,4,10,15457.77,6419.77,5323.45,959,74,66,2,436,4.8
16,2026-01,127,1,1,5,73,0,0,21095.25,8807.4,7056.97,1125,124,119,3,336,3.6
16,2026-02,130,5,2,6,56,2,1,26401.87,9057.07,6099.75,1377,137,133,0,639,4.8
16,2026-03,132,4,2,0,80,0,5,21627.06,8523.65,6845.75,1290,91,84,3,687,4.6
17,2025-04,69,3,0,10,27,0,2,5271.46,2508.94,1025.98,507,24,22,0,175,4.9
17,2025-05,68,1,2,10,21,1,6,6303.29,2471.3,1641.88,536,23,19,0,210,3.9
17,2025-06,67,0,1,19,28,2,2,9274.93,3473.82,1768.13,659,39,35,0,143,3.6
17,2025-07,71,4,0,1,20,5,5,5064.46,2586.93,1074.59,385,27,23,0,106,4.7
17,2025-08,75,4,0,1,32,2,2,3883.37,1702.84,1642.26,383,38,33,0,94,3.9
17,2025-09,76,3,2,1,24,0,2,4674.48,2552.68,1951.98,446,30,27,2,233,4.4
17,2025-10,78,4,2,2,44,0,0,6302.74,3148.6,2448.2,517,26,24,1,140,4.9
17,2025-11,78,0,0,3,42,3,7,5358.13,1932.37,1602.93,445,30,26,0,123,4.3
17,2025-12,77,1,2,2,34,3,0,5058.51,2195.3,1820.53,497,53,46,2,268,5.0
17,2026-01,78,2,1,3,41,2,6,6347.28,3271.35,2977.45,553,71,62,1,287,4.6
17,2026-02,79,1,0,1,53,2,0,9687.7,3885.66,1512.52,726,52,50,0,206,4.3
17,2026-03,79,2,2,0,52,2,2,7308.19,4133.94,2392.98,689,56,49,1,165,3.3
18,2025-04,117,7,0,19,56,1,5,10392.97,4634.65,1266.98,764,36,33,1,402,4.7
18,2025-05,122,5,0,21,71,3,9,7343.51,2877.33,3246.95,731,94,89,3,380,3.5
18,2025-06,126,5,1,39,92,3,4,11972.47,4791.18,5237.38,941,110,101,0,331,3.8
18,2025-07,125,3,4,0,63,6,11,6426.57,2700.36,2514.96,720,85,81,2,284,3.7
18,2025-08,124,1,2,2,52,5,0,5891.45,2519.78,2002.6,577,49,47,2,279,3.4
18,2025-09,127,7,4,5,66,1,2,9344.89,3065.44,2665.01,704,54,46,2,244,3.9
18,2025-10,124,1,4,0,49,4,7,9169.31,4308.85,2759.37,821,64,54,2,249,3.5
18,2025-11,126,4,2,2,46,0,6,9782.99,3365.7,2479.63,772,64,56,3,251,3.2
18,2025-12,126,2,2,0,55,0,4,9476.31,4807.35,2322.75,753,78,70,2,467,3.9
18,2026-01,127,4,3,3,59,6,4,10099.61,5210.42,4013.09,891,99,94,3,617,4.3
18,2026-02,129,6,4,3,95,5,7,10550.82,4530.67,4626.91,982,118,100,1,292,4.6
18,2026-03,130,2,1,6,55,0,6,9537.32,3485.73,2807.35,1024,57,52,2,581,4.8
19,2025-04,155,8,6,32,86,7,0,18915.19,8040.11,4917.5,1411,78,67,4,458,4.9
19,2025-05,155,1,1,32,51,4,11,17633.21,8675.07,6368.78,1465,83,72,3,288,4.3
19,2025-06,149,0,6,53,76,3,0,25915.88,11765.58,2931.07,1633,136,120,2,692,4.7
19,2025-07,159,13,3,2,52,16,10,13104.43,6163.11,4028.56,1132,55,52,3,460,4.8
19,2025-08,165,8,2,1,56,8,12,14327.54,6572.27,1925.86,1109,57,54,0,305,4.0
19,2025-09,167,5,3,4,68,7,16,18159.32,7625.88,2657.13,1347,90,81,3,495,3.8
19,2025-10,165,2,4,1,63,6,1,15455.4,7821.95,3104.32,1568,102,95,2,516,4.1
19,2025-11,178,13,0,7,102,2,0,15915.05,7921.85,3080.66,1516,116,102,3,645,4.0
19,2025-12,174,3,7,4,87,6,3,16255.64,7419.77,1336.57,1562,101,93,2,390,3.4
19,2026-01,173,4,5,4,76,4,6,18778.4,8856.48,2907.99,1802,141,130,5,462,3.5
19,2026-02,176,7,4,4,116,6,12,21330.03,10873.74,4105.53,1794,95,89,5,576,4.6
19,2026-03,181,10,5,8,93,2,17,18185.2,7519.25,9631.29,1801,169,160,1,931,4.8
20,2025-04,67,1,2,12,37,2,2,8568.27,3185.9,3289.39,568,41,37,2,112,4.8
20,2025-05,71,4,0,19,29,2,6,7980.38,2715.49,2008.99,592,35,32,1,131,4.8
20,2025-06,68,0,3,13,48,2,5,8567.94,3333.85,3187.71,810,47,40,0,147,4.0
20,2025-07,68,3,3,3,16,5,5,5769.4,2668.28,3052.59,564,21,19,2,184,3.6
20,2025-08,69,2,1,0,25,2,1,5698.85,3315.1,2229.54,557,34,31,1,226,5.0
20,2025-09,68,2,3,2,35,1,6,7608.95,3884.02,2748.99,580,45,41,0,122,4.5
20,2025-10,74,6,0,3,41,2,0,7648.65,3179.1,4252.57,693,23,19,1,181,4.2
20,2025-11,76,3,1,1,38,0,4,7376.32,3608.8,3333.75,659,49,44,0,211,4.3
20,2025-12,78,2,0,0,35,1,4,10416.67,3802.31,1906.7,625,29,26,0,251,4.1
20,2026-01,78,0,0,0,51,3,2,12290.46,4133.91,3497.63,808,70,65,1,370,3.7
20,2026-02,77,0,1,0,53,2,5,9222.03,5082.15,3520.13,873,29,25,2,184,3.8
20,2026-03,79,4,2,0,40,2,2,8987.64,3942.32,3118.32,858,63,57,1,305,4.6
21,2025-04,107,0,1,12,61,3,9,11322.01,5110.8,5043.38,926,33,30,1,289,4.1
21,2025-05,110,6,3,12,41,2,0,13018.31,5987.9,2630.06,978,64,62,2,307,4.4
21,2025-06,115,6,1,28,73,5,6,14492.8,6717.37,2016.75,1257,44,42,3,531,4.8
21,2025-07,120,7,2,1,36,7,8,8486.33,3419.13,2321.48,682,48,45,3,157,4.1
21,2025-08,127,7,0,0,42,0,8,10290.87,4604.99,1598.93,854,62,59,1,317,4.0
21,2025-09,130,5,2,6,41,1,13,11742.77,5267.47,3096.46,953,81,76,0,226,4.4
21,2025-10,128,0,2,2,70,6,4,11498.06,4355.21,4823.59,1055,69,66,3,226,4.3
21,2025-11,131,3,0,6,54,3,13,13429.95,4659.48,4016.82,939,99,94,0,449,4.0
21,2025-12,136,9,4,1,80,0,8,12726.42,5310.77,3792.6,980,103,98,1,439,3.5
21,2026-01,134,1,3,5,84,2,8,16787.95,7782.46,5258.94,1321,74,66,2,690,4.0
21,2026-02,136,6,4,5,90,4,4,15401.64,6121.57,4932.32,1196,92,80,1,489,3.7
21,2026-03,137,2,1,4,77,5,5,16224.33,6769.29,3425.37,1194,128,120,4,369,4.7
22,2025-04,102,0,3,13,51,1,4,18018.58,7860.79,8498.03,1050,73,68,2,205,4.2
22,2025-05,104,5,3,12,58,5,8,21689.49,9086.7,4701.14,1046,71,67,2,336,3.3
22,2025-06,105,6,5,20,59,0,4,22516.15,10217.9,2987.31,1353,53,49,2,436,4.2
22,2025-07,106,3,2,3,31,10,2,18677.81,6486.54,5441.87,833,39,34,1,263,3.7
22,2025-08,108,2,0,1,49,4,0,16429.22,7866.32,3372.17,851,60,55,0,298,3.8
22,2025-09,110,3,1,4,35,4,2,18096.4,6520.77,6553.67,1041,44,39,2,245,4.9
22,2025-10,115,9,4,3,68,5,0,15608.47,6335.99,6336.82,1159,87,76,0,368,3.8
22,2025-11,113,1,3,2,52,2,0,22391.62,8531.65,5000.09,1204,59,50,1,259,3.3
22,2025-12,113,1,1,4,51,5,1,17358.94,6463.09,5380.77,0,81,71,3,352,4.9
22,2026-01,115,2,0,3,76,0,1,19082.88,8158.91,8989.31,1299,106,102,3,369,4.3
22,2026-02,112,0,3,5,46,0,10,21478.17,11575.99,9102.42,1227,100,89,0,308,4.4
22,2026-03,113,4,3,3,60,5,0,23395.67,8617.3,8322.99,1385,100,92,1,322,4.8
23,2025-04,126,0,4,34,43,0,0,16774.15,7642.93,5584.32,717,51,48,2,255,4.8
23,2025-05,127,2,1,17,61,2,3,15596.61,6666.33,3703.43,710,85,83,3,395,3.3
23,2025-06,131,4,0,23,79,2,5,20045.75,7035.85,6421.74,1058,126,112,3,390,4.4
23,2025-07,129,2,4,4,45,8,6,12352.01,6290.61,3939.49,719,68,60,2,202,4.5
23,2025-08,133,7,3,2,62,3,8,13637.11,4757.13,4454.89,666,83,80,1,253,4.8
23,2025-09,134,1,0,0,74,5,0,18846.04,8893.21,4375.46,742,42,37,4,359,4.6
23,2025-10,136,5,3,1,77,4,11,16906.24,8130.37,7470.26,718,65,55,1,492,4.7
23,2025-11,134,2,4,1,58,1,9,19951.7,9886.49,3475.05,847,72,64,1,456,3.6
23,2025-12,136,4,2,1,42,1,8,18261.72,8138.13,6552.38,790,43,42,2,239,4.9
23,2026-01,138,4,2,4,81,1,6,21755.49,10404.69,7053.42,1107,98,88,1,491,3.8
23,2026-02,142,7,3,0,84,2,7,17885.27,9242.12,7834.6,982,73,65,0,592,3.9
23,2026-03,140,1,3,7,75,2,10,19769.68,8024.43,11480.79,990,64,59,0,634,3.5
24,2025-04,257,5,8,74,123,9,20,25524.29,11175.45,5285.69,1967,88,79,7,942,3.5
24,2025-05,261,13,9,33,123,12,5,29341.93,11030.67,10513.41,2176,198,183,1,541,3.9
24,2025-06,259,6,8,82,136,6,4,31237.92,17211.91,10868.69,2497,224,205,1,525,4.4
24,2025-07,276,17,0,12,123,22,13,21149.09,10563.01,10041.96,1716,171,162,6,580,4.6
24,2025-08,293,18,1,6,88,7,24,25152.46,9132.39,5712.19,2016,130,113,0,764,3.4
24,2025-09,287,0,6,10,103,12,10,24628.17,11579.68,11522.32,2124,123,113,5,869,5.0
24,2025-10,296,12,3,6,137,8,15,25889.91,11013.58,7438.87,2334,174,165,6,988,4.7
24,2025-11,296,3,3,7,158,2,3,25130.13,10492.22,9246.14,2106,191,179,2,731,4.3
24,2025-12,296,2,2,7,171,6,2,22746.27,8872.34,11036.07,1839,145,141,8,655,4.9
24,2026-01,291,5,10,7,145,3,27,37036.28,13642.77,9000.43,2134,202,185,3,1026,4.4
24,2026-02,289,0,2,1,211,12,12,32058.27,14823.8,10439.42,2552,236,202,1,1014,4.5
24,2026-03,302,18,5,11,224,8,7,33812.48,18719.74,11363.92,2673,164,148,1,1103,4.1
25,2025-04,208,12,4,60,117,9,8,31891.14,12675.04,4884.48,1366,141,137,3,666,4.8
25,2025-05,205,0,3,25,65,10,7,26301.39,11395.35,11511.69,1425,114,97,6,442,3.7
25,2025-06,210,11,6,43,120,2,15,28907.37,13964.22,11385.52,1449,173,167,1,709,3.6
25,2025-07,213,4,1,3,66,13,19,23726.61,8154.06,6584.06,985,142,129,0,624,4.2
25,2025-08,218,7,2,9,65,9,8,22826.76,10277.47,2140.79,914,67,61,0,464,4.0
25,2025-09,226,8,0,8,91,10,5,23897.02,11616.06,10615.25,1221,68,63,3,667,3.8
25,2025-10,229,9,6,4,81,4,7,28001.7,10191.49,5302.63,1178,117,105,6,556,4.7
25,2025-11,230,4,3,2,108,9,21,22104.65,9743.37,11075.26,1195,118,106,1,805,4.5
25,2025-12,231,7,6,0,81,7,4,33676.41,13510.14,6488.86,1350,160,142,4,842,3.3
25,2026-01,233,2,0,3,148,7,20,29387.04,10856.49,7798.93,1445,157,149,2,422,3.4
25,2026-02,241,9,1,9,150,10,17,34434.55,13142.79,8228.11,1767,173,163,1,782,3.7
25,2026-03,237,2,6,2,148,5,13,36310.49,17660.39,8019.32,1458,115,101,5,947,4.5
26,2025-04,167,7,2,41,76,7,13,12938.69,4377.3,3282.69,896,71,67,5,283,3.5
26,2025-05,168,1,0,18,94,8,1,10984.61,5427.99,3218.49,859,72,62,5,643,3.9
26,2025-06,169,4,3,45,68,2,0,13034.66,6865.0,3648.75,1252,107,103,2,580,3.4
26,2025-07,176,8,1,7,76,17,13,12252.96,4748.92,3559.22,823,89,84,3,356,3.9
26,2025-08,176,0,0,8,74,2,11,9611.66,4452.1,2500.51,740,92,81,3,475,4.3
26,2025-09,172,0,4,5,61,8,13,11622.69,6065.44,4471.83,933,84,74,3,526,4.1
26,2025-10,179,9,2,4,88,8,8,13995.21,4863.4,3425.96,909,110,102,2,581,4.1
26,2025-11,184,5,0,2,57,8,0,10681.22,4703.25,5342.04,1011,122,107,1,282,3.6
26,2025-12,188,6,2,7,112,7,1,13606.5,6410.13,1700.53,853,129,110,3,367,4.8
26,2026-01,194,6,0,1,137,3,12,16819.78,8128.98,4744.86,1017,123,116,4,736,3.6
26,2026-02,196,4,2,2,117,0,17,15210.27,7459.63,5602.13,1089,178,171,1,946,3.6
26,2026-03,195,0,1,4,114,6,7,12218.17,6717.17,5196.98,1180,144,129,0,511,4.1
27,2025-04,106,6,0,11,52,5,8,13073.65,5625.49,6497.05,717,73,69,3,353,3.2
27,2025-05,107,3,2,26,40,0,7,14366.57,6256.77,3983.12,638,62,57,2,356,3.7
27,2025-06,112,6,1,16,51,2,4,17542.66,8571.73,4764.5,843,98,94,2,507,3.6
27,2025-07,114,5,3,1,44,9,8,9667.01,4294.36,3859.01,524,34,31,0,351,3.4
27,2025-08,115,1,0,3,36,0,9,11881.29,5298.92,4101.37,581,60,51,1,305,3.3
27,2025-09,113,1,3,0,49,5,0,13577.9,6417.76,2207.81,691,78,66,2,318,4.5
27,2025-10,117,6,2,0,68,4,1,10905.99,4865.66,4626.62,590,73,67,1,338,4.2
27,2025-11,122,5,95,6,59,2,10,13725.06,6596.84,2561.35,586,47,42,2,383,4.2
27,2025-12,123,4,3,2,70,4,5,14365.02,6732.48,4469.79,692,56,49,1,299,4.2
27,2026-01,122,2,3,3,93,0,11,14052.32,5221.15,6621.2,755,118,100,1,322,3.8
27,2026-02,125,5,2,4,73,4,9,13698.61,6381.59,7010.32,759,78,72,1,349,3.7
27,2026-03,128,4,1,5,52,2,12,16701.9,8446.57,3987.43,850,114,98,2,257,4.7
28,2025-04,187,0,2,31,101,6,3,13435.9,6674.53,5050.08,1148,57,54,3,305,4.1
28,2025-05,188,5,4,40,74,3,4,11947.23,4688.63,2958.21,1104,112,102,1,485,4.6
28,2025-06,193,5,0,44,119,8,12,13889.6,6040.62,4882.43,1386,155,141,1,619,4.4
28,2025-07,197,9,5,8,57,8,13,10675.86,3493.19,2548.01,910,78,69,2,362,4.4
28,2025-08,197,2,2,9,93,7,19,8876.98,4936.91,3704.23,896,83,78,0,303,3.3
28,2025-09,205,9,1,4,62,1,9,11230.48,4928.02,6150.22,1130,82,75,2,588,4.3
28,2025-10,202,2,5,10,61,9,16,10272.49,4464.39,4809.37,1200,123,105,5,780,3.3
28,2025-11,210,10,2,10,116,10,11,12633.45,7203.83,5285.83,1161,87,78,5,367,3.8
28,2025-12,215,9,4,1,76,8,14,13994.65,4703.74,4361.97,1238,97,88,5,406,3.8
28,2026-01,223,10,2,3,162,8,8,17949.93,8700.92,3574.56,1500,192,163,4,1053,3.6
28,2026-02,224,6,5,2,89,6,16,18588.35,8245.8,4572.14,1271,114,99,2,1030,3.8
28,2026-03,222,3,5,2,132,10,6,17265.53,8548.66,5787.41,1417,102,99,6,520,4.9
29,2025-04,100,1,1,16,56,5,0,13484.86,5150.63,2700.65,782,52,50,2,187,3.5
29,2025-05,101,2,1,10,60,4,4,12067.05,5293.6,3027.9,746,31,26,3,185,4.7
29,2025-06,105,5,1,35,58,1,2,11266.76,6169.82,4881.15,874,56,50,1,443,3.3
29,2025-07,108,7,4,3,48,13,3,10595.39,4482.58,2110.28,768,63,56,0,269,4.0
29,2025-08,107,0,1,4,43,5,0,10146.64,4622.68,2803.08,620,41,36,2,321,3.7
29,2025-09,106,2,3,2,51,0,8,12618.5,5862.63,3674.59,718,58,50,1,263,3.8
29,2025-10,105,0,1,3,50,5,3,11313.24,5120.05,5597.18,829,68,59,0,181,4.5
29,2025-11,110,5,0,4,56,5,8,10703.38,5209.56,4513.94,708,42,37,1,209,3.5
29,2025-12,107,0,3,2,42,3,4,10617.77,4372.31,5522.07,740,65,57,3,293,4.1
29,2026-01,113,7,1,1,70,3,7,12910.21,6557.37,5752.07,982,85,79,1,240,3.5
29,2026-02,112,0,1,0,71,4,4,12329.36,5066.93,6630.27,1150,54,47,1,561,4.5
29,2026-03,112,0,0,2,54,3,1,16303.25,5373.54,4346.11,970,49,47,2,385,4.1
30,2025-04,123,1,4,30,60,0,7,18293.05,8634.33,4040.18,1009,63,60,2,346,5.0
30,2025-05,127,5,1,28,57,5,10,18013.04,8361.85,2622.42,895,56,49,0,198,4.3
30,2025-06,126,3,4,44,62,2,5,20650.99,6973.39,7046.72,1042,65,61,2,332,4.2
30,2025-07,125,1,2,2,45,11,0,14604.11,7821.83,5175.73,918,58,52,0,336,4.1
30,2025-08,131,8,2,3,59,3,11,12274.58,5445.47,3510.33,846,63,53,2,386,4.8
30,2025-09,136,5,0,1,52,0,5,19736.01,9444.44,4046.47,977,67,62,2,443,3.8
30,2025-10,134,0,2,3,43,1,5,18377.53,6337.79,3882.99,912,47,44,1,506,4.0
30,2025-11,131,0,3,4,45,2,7,17958.24,8615.36,4466.79,874,96,91,1,263,3.3
30,2025-12,133,6,4,0,40,0,10,20214.91,7477.59,4354.92,1053,46,43,2,206,4.6
30,2026-01,134,3,2,1,61,2,8,19852.88,7425.63,7786.89,1119,74,63,4,496,3.4
30,2026-02,140,8,2,4,60,4,9,17221.61,8812.57,7688.3,1159,91,78,3,662,3.3
30,2026-03,138,1,3,3,59,4,9,22317.08,9044.28,5616.91,1135,78,68,4,287,4.9
31,2025-04,113,0,3,13,44,5,11,11592.84,5988.5,2736.23,582,84,74,2,280,4.5
31,2025-05,116,5,2,29,65,3,7,9233.5,3800.46,3128.3,633,44,41,1,321,3.9
31,2025-06,114,0,2,31,47,2,8,14148.48,5381.16,4508.68,774,55,50,0,346,4.7
31,2025-07,117,6,3,4,52,10,3,8544.53,3898.24,1787.66,565,70,60,3,226,3.4
31,2025-08,116,2,3,0,45,5,9,9253.17,4144.87,3219.35,543,32,30,0,321,4.4
31,2025-09,117,3,2,3,56,3,3,10833.58,3944.56,2374.08,687,74,71,3,385,4.8
31,2025-10,117,0,0,4,69,3,2,10596.26,6035.12,4171.65,714,35,32,2,207,3.7
31,2025-11,116,0,1,3,59,3,10,9914.79,4236.08,3636.1,647,73,66,1,335,4.7
31,2025-12,115,2,3,1,44,5,2,8554.91,3376.17,4818.23,675,62,56,1,196,4.4
31,2026-01,115,3,3,4,50,4,6,13371.88,5549.69,4640.93,727,85,78,1,465,3.7
31,2026-02,117,4,2,0,92,4,7,13785.64,6617.25,6263.09,895,57,53,2,415,3.3
31,2026-03,116,0,1,3,75,5,10,12985.02,6105.9,2730.69,810,50,44,0,411,4.1
32,2025-04,242,5,3,41,143,4,9,20549.1,8833.83,4624.25,1217,167,147,7,712,4.2
32,2025-05,250,10,2,65,121,4,15,19028.0,9422.3,4593.64,1208,91,80,4,383,3.4
32,2025-06,254,9,5,39,130,12,5,25145.43,10326.01,6083.27,1630,220,196,1,1179,4.3
32,2025-07,255,7,6,6,118,16,14,18495.87,9079.9,7648.26,1213,72,63,1,363,4.0
32,2025-08,257,7,5,12,121,3,12,18284.59,7407.41,7046.12,1059,109,96,7,518,3.8
32,2025-09,260,8,5,0,85,8,20,22633.25,9428.73,4056.69,1328,113,100,1,555,4.3
32,2025-10,261,7,6,10,136,11,21,20524.22,9064.61,9191.81,1340,101,93,0,934,3.2
32,2025-11,258,1,4,1,130,5,7,21687.68,8202.85,10437.3,1318,84,77,3,1000,4.3
32,2025-12,269,11,0,1,149,2,12,25112.06,10148.17,4287.29,1429,201,189,4,601,4.4
32,2026-01,274,7,2,12,136,10,24,25626.68,13230.76,8722.69,1408,105,94,0,684,4.7
32,2026-02,272,1,3,3,155,2,20,23303.71,12370.3,9004.98,1410,200,193,4,566,3.3
32,2026-03,270,4,6,7,104,7,4,24980.57,10178.61,14788.96,1573,128,114,6,1002,4.1
33,2025-04,91,3,2,23,48,4,3,7280.78,3190.22,849.97,477,53,51,1,212,3.7
33,2025-05,89,0,2,26,43,2,8,8107.24,4180.35,2425.84,511,39,34,2,142,3.9
33,2025-06,92,3,0,24,44,0,7,8816.67,3711.34,4394.86,601,65,59,0,380,4.4
33,2025-07,95,3,0,0,31,6,0,5670.31,2829.92,2163.22,398,60,57,2,146,4.2
33,2025-08,93,0,2,1,36,0,7,7864.16,2975.39,2427.56,442,25,23,1,293,3.4
33,2025-09,97,4,0,4,30,0,1,8239.31,2951.55,2101.0,516,49,46,2,310,3.8
33,2025-10,99,4,2,1,39,1,0,7525.57,2900.07,3249.12,436,50,47,2,189,3.6
33,2025-11,103,4,0,1,33,5,9,6707.55,3688.48,2412.87,429,31,30,2,261,4.7
33,2025-12,104,3,2,1,37,5,4,7525.6,3935.69,1934.11,493,33,28,3,315,3.4
33,2026-01,105,2,1,3,41,1,3,8976.86,3246.19,3266.85,609,93,85,1,367,4.3
33,2026-02,105,0,0,0,67,5,7,8299.92,4629.7,2911.01,508,60,52,2,292,4.6
33,2026-03,105,0,0,5,43,4,2,7837.83,3908.2,3794.13,557,57,51,2,348,4.5
34,2025-04,248,3,5,36,92,6,6,18937.81,8777.94,7808.22,1593,184,159,7,482,3.9
34,2025-05,259,14,3,58,153,3,10,19790.53,6750.49,6233.9,1454,187,170,2,880,3.6
34,2025-06,262,5,2,68,147,3,2,25116.18,12431.58,5885.9,1797,170,154,0,1053,4.5
34,2025-07,266,10,6,9,76,29,4,20722.01,7893.2,4031.36,1115,166,156,0,536,3.9
34,2025-08,262,3,7,7,84,8,24,16740.89,8098.9,2614.73,1266,102,95,1,351,4.4
34,2025-09,260,5,7,13,122,9,0,24022.02,9019.89,9134.24,1681,102,98,7,847,3.2
34,2025-10,256,2,6,11,102,0,9,19500.96,10629.98,5950.65,1616,178,169,1,781,3.8
34,2025-11,249,1,8,10,101,0,3,20288.48,7266.77,8050.89,1546,155,145,3,459,3.8
34,2025-12,245,3,7,11,142,9,22,20609.42,7497.31,5582.42,1541,106,99,4,400,3.9
34,2026-01,241,3,7,11,137,8,9,25049.76,12061.07,8005.84,2080,235,226,3,1115,4.0
34,2026-02,242,5,4,1,93,4,3,26179.34,13102.19,6291.41,1875,173,153,2,757,4.0
34,2026-03,238,0,4,3,98,3,16,28065.16,11704.57,10190.17,2151,143,132,7,816,4.2
35,2025-04,123,4,1,24,72,6,0,8531.55,4647.7,2542.55,823,46,42,1,483,4.7
35,2025-05,124,2,1,18,38,2,9,8412.87,3409.24,3784.41,812,39,34,2,231,4.0
35,2025-06,128,4,0,48,72,3,12,12014.68,4901.77,4209.89,942,115,112,2,536,3.7
35,2025-07,126,2,4,5,63,10,11,7855.08,2802.32,3078.93,739,39,33,1,291,3.4
35,2025-08,125,3,4,4,34,6,4,6207.13,3450.85,2452.59,633,73,71,3,188,3.8
35,2025-09,123,0,2,3,42,6,6,9388.81,3858.46,3641.36,770,97,93,0,250,4.8
35,2025-10,126,6,3,2,43,5,6,10557.6,5325.5,2898.35,819,46,40,2,209,4.9
35,2025-11,132,6,0,0,55,2,6,9030.42,4073.18,2758.22,882,52,49,2,380,3.3
35,2025-12,132,4,4,2,59,5,7,9975.34,3473.04,2675.13,760,81,75,0,413,4.8
35,2026-01,138,7,1,0,57,2,7,12696.07,6834.76,5363.0,1006,99,95,3,669,6.2
35,2026-02,136,0,2,1,79,1,5,12848.61,5014.82,3409.37,870,80,74,2,270,3.7
35,2026-03,133,1,4,1,90,1,12,12090.25,5017.85,2618.38,1117,121,113,2,370,4.5
36,2025-04,106,4,2,28,32,4,4,7244.55,2960.27,2444.22,705,37,32,1,379,4.6
36,2025-05,110,4,0,20,63,0,2,8476.17,3425.83,2918.35,618,77,74,2,212,3.7
36,2025-06,109,0,1,17,71,5,3,8553.4,4797.7,2742.57,815,96,82,0,486,4.6
36,2025-07,109,0,0,5,37,4,1,5655.18,2569.87,2940.33,424,28,24,1,244,3.6
36,2025-08,109,0,0,1,51,2,9,5594.42,2669.34,2410.9,575,39,36,0,329,4.6
36,2025-09,112,4,1,5,40,2,2,8554.42,4381.44,1798.69,575,45,41,3,270,4.3
36,2025-10,115,3,0,1,63,3,6,6421.78,2540.23,3060.8,717,41,35,1,315,3.9
36,2025-11,117,2,0,0,46,0,6,7255.56,2842.92,2197.86,716,61,56,2,463,4.0
36,2025-12,123,6,0,6,66,5,5,7722.86,2961.28,1200.68,576,63,58,0,221,3.9
36,2026-01,122,0,1,0,64,1,5,9666.16,3708.92,2051.18,769,80,73,2,533,4.6
36,2026-02,121,2,3,5,77,3,7,9222.2,4335.73,4105.53,775,88,77,1,255,4.5
36,2026-03,124,3,0,1,67,5,5,9198.02,3250.0,3055.26,753,110,104,3,327,4.4
37,2025-04,186,8,2,48,85,0,1,19639.21,6584.95,4849.61,948,135,122,0,294,4.2
37,2025-05,189,4,1,37,64,6,15,17110.1,7280.29,4841.24,972,107,97,4,687,4.1
37,2025-06,192,7,4,69,114,5,9,15871.78,6437.57,9168.4,1278,111,105,0,804,4.3
37,2025-07,196,6,2,5,67,8,7,12067.13,5238.41,2900.22,854,52,46,2,304,4.2
37,2025-08,198,6,4,8,85,4,0,12746.13,6470.08,2453.56,703,74,68,3,261,4.4
37,2025-09,200,5,3,8,108,10,10,13283.91,7238.68,3854.77,888,123,120,0,720,4.2
37,2025-10,202,4,2,0,78,9,12,17550.23,8744.11,3267.14,1012,118,109,2,336,4.6
37,2025-11,206,7,3,3,83,1,20,17107.94,6834.63,5774.4,999,94,84,2,630,4.0
37,2025-12,213,8,1,0,104,8,5,14740.52,8208.24,4761.96,1018,113,109,4,750,4.7
37,2026-01,222,9,0,8,106,7,4,20349.7,9196.23,3707.11,1388,149,143,0,911,4.7
37,2026-02,225,4,1,4,137,3,12,15694.71,6090.83,8252.51,1241,123,112,3,691,4.8
37,2026-03,228,4,1,0,102,4,21,19530.53,6685.04,6518.4,1206,187,160,0,620,3.7
38,2025-04,123,6,2,28,69,3,11,23566.46,11316.41,9133.17,1120,44,41,2,337,3.4
38,2025-05,132,9,0,33,52,6,9,26544.11,11731.15,4477.39,1241,53,45,1,518,4.0
38,2025-06,141,9,0,33,69,1,5,27754.04,10914.24,9918.34,1270,117,101,3,556,4.7
38,2025-07,150,9,0,0,57,14,7,15522.34,7344.88,4965.38,885,84,78,4,414,4.7
38,2025-08,154,6,2,4,40,3,9,18662.04,8589.31,2205.55,934,92,87,3,432,3.7
38,2025-09,152,1,3,7,79,5,13,27677.3,12546.91,4199.05,1175,84,75,4,505,4.2
38,2025-10,154,5,3,0,81,2,14,22584.21,10418.06,10394.36,1155,70,60,1,327,4.5
38,2025-11,163,10,1,6,87,5,14,24199.28,8964.28,6489.46,1172,116,110,1,278,3.9
38,2025-12,166,6,3,3,50,0,7,28935.46,9844.6,6003.42,1176,63,56,3,498,3.5
38,2026-01,164,2,4,1,66,8,13,37036.13,16380.43,4520.95,1500,90,78,2,488,4.1
38,2026-02,163,3,4,3,114,4,6,25699.92,9825.88,10262.37,1248,82,76,1,464,4.4
38,2026-03,160,0,3,2,111,6,6,31967.16,14426.87,6333.74,1305,69,59,2,760,4.0
39,2025-04,109,5,0,11,49,3,4,16454.95,5840.93,5097.56,702,34,29,1,300,4.9
39,2025-05,111,3,1,13,56,3,2,12164.31,6623.81,3450.5,639,87,77,2,423,3.7
39,2025-06,113,4,2,30,64,1,5,19513.62,10034.35,4466.18,860,114,106,3,244,3.5
39,2025-07,110,0,3,2,30,8,1,13797.29,4405.92,3386.06,484,56,51,3,153,4.5
39,2025-08,112,2,0,1,48,1,2,12399.23,5098.33,2392.57,514,35,34,0,243,4.2
39,2025-09,115,3,0,1,61,5,1,13476.84,7171.27,6097.26,668,57,52,0,413,3.5
39,2025-10,112,0,3,5,55,3,10,16043.78,5462.41,5726.79,715,70,68,2,433,5.0
39,2025-11,117,6,1,1,65,5,4,11533.9,4698.43,6457.45,712,57,51,1,245,4.6
39,2025-12,120,3,0,0,66,1,6,14094.93,7148.38,4726.63,664,43,39,3,400,4.9
39,2026-01,123,4,1,2,81,6,5,18354.14,9235.31,4417.44,846,95,85,3,577,4.3
39,2026-02,126,3,0,0,70,3,10,16389.93,5858.25,4935.38,790,95,87,2,416,3.3
39,2026-03,127,2,1,1,84,2,3,17208.01,6473.62,7932.02,749,53,45,3,421,4.0
40,2025-04,112,1,4,11,58,3,2,13830.1,4515.4,3731.92,783,73,65,3,380,4.0
40,2025-05,114,4,2,33,63,1,3,11268.56,4794.33,2348.15,874,40,36,0,283,3.2
40,2025-06,118,7,3,41,89,4,11,15379.32,7715.73,2849.57,989,96,90,3,530,3.4
40,2025-07,121,3,0,6,28,13,0,8538.22,3787.76,1968.86,606,57,54,1,159,4.6
40,2025-08,127,6,0,0,34,1,11,10735.52,4116.28,1803.26,673,58,50,3,159,3.2
40,2025-09,130,6,3,6,58,4,9,14128.7,4428.75,3183.9,779,72,67,3,270,3.3
40,2025-10,127,0,3,4,50,0,4,12786.24,5621.46,4320.54,798,97,86,3,197,3.7
40,2025-11,127,3,3,2,54,4,3,12577.23,6096.65,2192.66,870,83,75,2,420,3.9
40,2025-12,131,6,2,6,57,6,2,11430.44,5794.07,3850.54,833,47,41,3,229,3.9
40,2026-01,134,4,1,1,84,0,5,16914.65,6595.9,7045.76,1167,135,115,0,423,3.4
40,2026-02,134,3,3,2,95,6,5,16168.0,6716.65,3382.82,1051,116,111,4,508,4.5
40,2026-03,138,7,3,6,97,0,12,17316.09,8267.49,2466.69,1154,59,50,0,677,4.8
41,2025-04,123,7,4,24,69,1,10,18585.65,6334.67,4918.21,888,96,91,0,259,4.7
41,2025-05,126,5,2,25,41,2,11,18556.02,8924.74,6008.02,876,85,76,1,232,4.0
41,2025-06,129,7,4,44,70,0,7,18594.09,10404.87,8078.56,1422,58,51,1,444,3.9
41,2025-07,127,2,4,0,56,14,12,14239.16,5655.89,4741.59,707,61,56,2,317,3.8
41,2025-08,127,4,4,4,58,5,6,13023.05,6243.04,5270.06,825,63,59,3,350,4.8
41,2025-09,128,1,0,4,51,5,11,17305.71,9978.28,6066.72,908,44,40,2,434,3.5
41,2025-10,124,0,4,4,46,6,12,16496.96,7335.56,5447.94,1015,89,78,2,224,4.6
41,2025-11,122,1,3,2,57,0,7,15852.28,8129.5,5625.7,979,80,77,1,289,3.7
41,2025-12,130,9,1,5,53,5,3,15837.54,6013.27,5575.03,1026,68,59,3,464,3.3
41,2026-01,129,2,3,1,65,2,10,21440.41,9181.22,5827.03,1086,64,58,3,598,4.4
41,2026-02,134,6,1,1,81,3,11,26547.3,10340.64,4257.6,1295,116,105,0,604,4.9
41,2026-03,131,1,4,6,67,0,5,19682.3,8375.18,10837.08,1137,127,112,3,251,3.5
42,2025-04,85,2,1,12,46,3,0,4621.92,2402.13,1344.49,470,49,45,1,293,4.1
42,2025-05,89,4,0,22,40,3,7,5177.15,2703.67,2030.49,430,54,50,1,185,3.9
42,2025-06,90,3,2,17,36,1,0,7514.34,3284.39,1332.44,613,40,36,0,440,4.2
42,2025-07,92,4,2,1,41,7,0,4625.43,1574.3,1022.68,364,55,48,2,285,4.2
42,2025-08,94,4,2,2,30,0,7,4017.8,1944.72,2017.39,358,52,46,1,123,5.0
42,2025-09,98,4,0,2,33,2,1,5437.56,2265.8,755.5,427,76,66,2,161,3.9
42,2025-10,100,2,0,3,56,2,6,6786.16,2193.07,1708.89,448,59,51,3,387,3.7
42,2025-11,101,2,1,4,42,3,0,4909.69,2648.32,1617.93,452,78,73,1,344,4.4
42,2025-12,101,1,1,4,42,0,10,5827.99,2022.2,1588.89,484,38,33,3,394,4.2
42,2026-01,102,3,2,2,58,1,0,6057.15,2157.35,1275.43,521,75,73,1,350,4.1
42,2026-02,104,4,2,0,47,3,1,7319.76,3605.79,1098.48,608,48,43,2,447,4.9
42,2026-03,106,3,1,1,67,2,5,7086.3,2562.74,1357.12,676,49,47,3,204,3.2
43,2025-04,82,5,3,20,37,0,8,9104.58,3893.0,1574.12,667,39,37,2,196,3.5
43,2025-05,88,6,0,10,36,1,7,8843.04,3989.2,1629.66,668,57,49,2,269,4.7
43,2025-06,89,3,2,11,47,4,3,11176.5,4553.23,1527.56,689,46,42,0,306,4.4
43,2025-07,93,5,1,0,36,9,2,7691.24,2926.77,2518.51,537,53,46,2,120,4.9
43,2025-08,95,4,2,4,45,0,6,9656.03,3088.71,2308.44,604,41,40,1,145,4.1
43,2025-09,96,3,2,4,50,1,0,8911.43,3876.11,3040.67,560,38,32,2,337,5.0
43,2025-10,94,1,3,0,54,1,2,8196.24,4223.88,3669.03,564,48,40,2,360,4.7
43,2025-11,95,1,0,3,35,2,0,10746.56,4159.05,3688.62,571,56,50,0,291,4.2
43,2025-12,95,0,0,0,39,0,2,9137.68,3026.64,2565.37,657,49,42,0,275,3.7
43,2026-01,92,0,3,1,63,4,0,11680.14,4978.77,3845.83,808,39,36,2,390,4.0
43,2026-02,93,1,0,0,34,0,9,11852.99,5765.18,4786.45,804,48,43,2,345,3.5
43,2026-03,93,0,0,1,43,3,8,13932.56,5251.64,3538.49,826,75,65,1,329,3.7
44,2025-04,77,2,0,11,42,0,6,14027.6,5729.62,1941.32,740,25,21,1,249,5.0
44,2025-05,78,5,4,16,31,2,6,11137.0,6210.88,4246.87,882,42,40,2,160,3.6
44,2025-06,78,3,3,24,58,2,6,13958.7,7909.77,4586.67,984,33,28,0,184,4.0
44,2025-07,83,5,0,0,25,5,3,13039.69,5019.62,3393.71,684,27,23,1,264,3.2
44,2025-08,89,6,0,2,44,2,7,11108.51,4756.62,2010.79,756,59,57,1,280,3.3
44,2025-09,90,2,1,1,32,3,5,12147.63,5673.48,3700.79,884,61,56,2,201,3.5
44,2025-10,93,3,0,2,52,4,9,13497.35,5286.84,6616.1,794,58,49,2,229,4.8
44,2025-11,95,5,3,4,41,2,5,13132.57,6780.26,3026.37,794,56,52,2,296,3.6
44,2025-12,95,3,3,1,39,2,6,14888.59,7462.01,3069.32,774,54,46,0,212,4.1
44,2026-01,92,0,3,4,53,3,7,15135.46,7561.77,4265.72,913,54,47,0,238,3.3
44,2026-02,92,4,4,4,56,0,4,17584.41,7075.79,9500.11,941,48,42,1,260,4.5
44,2026-03,95,4,1,4,74,4,4,13788.18,7141.31,4373.58,1116,62,55,2,420,3.2
45,2025-04,76,1,1,18,27,1,7,13592.68,6667.07,3620.15,610,29,27,2,193,4.0
45,2025-05,82,6,0,14,38,1,4,12718.34,7128.03,5516.65,693,38,34,2,277,4.6
45,2025-06,82,2,2,22,49,0,2,16611.93,6021.19,3206.11,851,63,58,1,417,3.6
45,2025-07,83,4,3,1,29,5,7,10289.5,4094.37,4471.84,540,26,24,2,182,3.5
45,2025-08,84,3,2,1,23,4,1,9324.01,3376.75,4090.25,465,48,43,0,116,4.0
45,2025-09,89,5,0,3,52,1,2,13592.41,7009.07,4271.93,666,33,30,1,264,4.1
45,2025-10,91,5,3,2,32,1,7,10893.89,5462.78,3100.68,644,68,65,1,241,3.3
45,2025-11,89,0,2,3,35,2,6,14384.35,5034.25,3726.05,599,66,62,1,219,4.4
45,2025-12,94,5,0,3,47,0,3,13079.03,7199.12,4696.62,646,59,50,2,310,3.6
45,2026-01,100,6,0,2,40,0,8,16570.25,7398.88,6218.86,749,69,62,0,386,4.4
45,2026-02,99,2,3,1,51,0,4,15682.04,5723.89,3190.63,844,66,56,2,386,4.5
45,2026-03,100,3,2,1,43,0,9,13267.36,6180.27,4935.45,770,41,38,2,233,3.8
46,2025-04,67,4,0,12,21,0,3,9241.67,4237.88,2831.25,425,32,28,0,163,3.6
46,2025-05,67,0,0,12,39,2,6,8407.62,3109.84,2487.25,525,46,44,0,221,3.3
46,2025-06,68,2,1,18,30,1,4,10559.98,4178.47,3978.88,541,39,33,2,195,3.9
46,2025-07,66,0,2,2,26,4,0,7916.71,3900.88,2277.5,392,42,39,0,115,3.4
46,2025-08,67,3,2,1,21,2,6,6600.04,2610.44,3727.55,422,28,25,2,111,4.3
46,2025-09,67,0,0,0,32,0,2,8018.07,3187.97,3003.48,429,24,21,0,125,3.6
46,2025-10,67,0,0,3,34,2,1,8591.78,3975.85,1835.05,482,52,48,1,226,3.6
46,2025-11,68,2,1,1,24,0,5,10971.88,4769.81,1948.67,446,50,45,0,177,3.2
46,2025-12,71,3,0,1,22,1,3,7205.04,3491.02,3000.4,515,28,25,1,235,3.8
46,2026-01,71,1,1,1,44,2,4,13180.0,4497.26,2751.82,677,49,47,1,229,3.5
46,2026-02,73,4,2,3,47,3,0,11624.93,4293.04,4689.61,654,40,36,2,299,3.7
46,2026-03,75,3,1,3,43,3,1,11061.08,3999.64,3154.93,658,28,26,2,308,4.1
47,2025-04,115,5,2,20,45,4,1,11455.04,6616.35,4574.91,621,67,58,3,447,4.6
47,2025-05,119,6,2,24,53,5,5,14735.11,7215.53,2705.03,677,50,42,2,366,4.4
47,2025-06,123,5,1,24,69,5,2,16417.26,8209.09,3184.32,895,48,45,3,395,4.3
47,2025-07,126,4,1,3,39,10,11,12507.23,5153.87,1725.37,549,50,45,0,197,4.2
47,2025-08,131,6,1,2,59,5,6,10749.07,4652.69,6055.05,555,39,37,3,320,4.4
47,2025-09,133,5,3,1,46,1,11,11877.24,5187.72,3664.26,577,77,67,1,219,3.5
47,2025-10,138,6,1,2,82,6,6,14566.58,4823.61,3479.23,661,46,39,0,302,3.8
47,2025-11,141,4,1,7,62,1,0,12388.6,4058.09,3770.7,653,111,95,4,490,3.9
47,2025-12,143,4,2,7,63,5,9,12662.89,6586.85,3540.92,719,101,98,3,349,3.3
47,2026-01,145,2,0,0,77,6,11,19989.88,6339.38,4965.78,707,100,97,1,428,4.3
47,2026-02,145,3,3,3,55,5,0,19587.88,9218.18,2235.79,868,118,103,3,464,4.3
47,2026-03,145,3,3,1,87,4,9,12865.19,6217.18,5588.44,759,123,112,1,464,3.4
48,2025-04,90,3,0,17,41,1,3,6078.24,2557.65,837.21,432,71,60,1,338,4.6
48,2025-05,89,1,2,13,39,0,2,7048.56,2951.89,1845.22,515,41,36,2,304,4.3
48,2025-06,90,3,2,28,59,4,6,7836.15,3107.38,3743.77,550,39,36,0,386,3.4
48,2025-07,91,2,1,4,38,5,9,5364.34,2549.15,641.15,369,35,32,0,205,4.3
48,2025-08,94,3,0,4,40,2,2,4909.24,2000.49,2105.93,392,27,23,2,232,4.6
48,2025-09,92,0,2,2,36,0,4,48750.30,22100.00,15890.45,519,50,47,1,151,4.7
48,2025-10,91,1,2,1,50,1,0,7302.56,3384.43,1160.02,507,40,38,0,361,4.2
48,2025-11,92,2,1,3,54,3,6,5579.85,2091.13,1491.14,530,59,54,0,168,4.6
48,2025-12,96,4,0,2,41,1,9,5662.82,2146.61,1560.0,437,39,36,2,300,3.9
48,2026-01,94,0,2,1,51,3,2,8057.87,4658.84,2947.68,583,40,39,2,291,4.0
48,2026-02,97,3,0,0,38,3,7,6877.16,2534.77,2255.68,600,78,76,2,360,4.6
48,2026-03,99,3,1,3,53,0,1,6976.01,3246.96,1943.44,636,40,36,2,353,4.4
49,2025-04,70,1,3,13,34,3,4,11324.81,4538.35,6130.33,705,48,41,2,108,4.2
49,2025-05,71,4,3,8,39,0,3,15574.24,5351.41,3614.61,655,27,24,1,128,3.4
49,2025-06,72,1,0,18,47,0,1,16899.35,6935.42,5508.34,770,43,41,0,181,3.3
49,2025-07,76,6,2,3,23,6,5,12526.83,4547.68,2259.91,576,27,23,0,141,3.5
49,2025-08,81,6,1,1,30,1,5,9734.01,3868.93,2371.07,515,27,25,0,160,3.3
49,2025-09,80,2,3,1,36,0,4,14950.98,5422.8,4358.19,619,50,47,2,152,4.7
49,2025-10,79,2,3,3,24,1,1,11621.78,5380.63,3044.8,625,36,31,1,272,3.5
49,2025-11,84,6,1,2,25,3,3,10700.86,6070.15,3977.13,588,55,48,1,146,3.8
49,2025-12,86,4,2,4,32,0,0,12457.73,4637.01,2310.53,615,57,55,2,247,4.8
49,2026-01,89,4,1,2,33,4,2,14468.01,7124.56,6155.79,741,83,77,1,357,3.6
49,2026-02,91,5,3,1,49,2,7,14834.49,6652.46,5914.63,903,85,81,1,357,3.4
49,2026-03,95,6,2,0,56,0,3,15511.41,6081.43,7965.82,822,66,60,0,449,4.0
50,2025-04,93,1,3,9,33,0,6,14419.4,5283.76,3840.63,847,72,68,2,298,3.3
50,2025-05,99,7,1,23,55,4,3,11117.59,4272.95,4639.07,770,32,29,0,240,3.4
50,2025-06,98,3,4,35,72,2,4,15884.67,5892.92,7654.13,1101,64,62,2,364,4.8
50,2025-07,105,7,0,2,28,8,4,9461.71,5460.79,3971.7,656,44,37,3,186,4.2
50,2025-08,111,6,0,3,29,5,4,10080.8,4144.19,3798.84,695,38,36,0,390,4.4
50,2025-09,117,7,1,1,47,3,0,13404.54,4673.4,3179.63,737,37,33,2,439,3.5
50,2025-10,117,3,3,5,69,0,6,12705.47,5932.55,3484.03,725,79,75,3,322,4.9
50,2025-11,122,6,1,0,71,6,0,10869.86,3967.98,4867.57,836,39,37,3,480,4.5
50,2025-12,125,6,3,2,48,0,12,12873.23,5928.41,2920.13,737,55,47,2,498,3.6
50,2026-01,125,3,3,5,87,0,11,18450.02,6824.98,5908.22,1144,100,86,0,300,3.3
50,2026-02,124,2,3,0,81,0,0,16694.75,7789.0,4362.69,1207,68,61,0,463,4.4
50,2026-03,126,4,2,2,88,5,6,15751.83,5418.33,3664.59,847,96,85,2,408,4.8
